{
  "nodes": [
    {
      "id": "node-0",
      "position": {
        "x": 208.73711085607445,
        "y": 239.18219296050285
      },
      "size": {
        "width": 150,
        "height": 80
      },
      "text": "新节点",
      "backgroundColor": "#e8f5e9",
      "connectionPoints": [
        {
          "id": "node-0-input",
          "type": "input",
          "position": {
            "x": 0,
            "y": -40
          }
        },
        {
          "id": "node-0-output",
          "type": "output",
          "position": {
            "x": 0,
            "y": 40
          }
        }
      ]
    },
    {
      "id": "node-1",
      "position": {
        "x": 299.3233601033519,
        "y": 114.30446538500973
      },
      "size": {
        "width": 150,
        "height": 80
      },
      "text": "你好",
      "backgroundColor": "#f5f5f5",
      "connectionPoints": [
        {
          "id": "node-1-input",
          "type": "input",
          "position": {
            "x": 0,
            "y": -40
          }
        },
        {
          "id": "node-1-output",
          "type": "output",
          "position": {
            "x": 0,
            "y": 40
          }
        }
      ]
    },
    {
      "id": "node-2",
      "position": {
        "x": 155.55205139565277,
        "y": 439.9697287162169
      },
      "size": {
        "width": 150,
        "height": 80
      },
      "text": "新节点",
      "backgroundColor": "#fff9c4",
      "connectionPoints": [
        {
          "id": "node-2-input",
          "type": "input",
          "position": {
            "x": 0,
            "y": -40
          }
        },
        {
          "id": "node-2-output",
          "type": "output",
          "position": {
            "x": 0,
            "y": 40
          }
        }
      ]
    },
    {
      "id": "node-3",
      "position": {
        "x": 544,
        "y": 455.66668701171875
      },
      "size": {
        "width": 150,
        "height": 80
      },
      "text": "新节点",
      "backgroundColor": "#fce4ec",
      "connectionPoints": [
        {
          "id": "node-3-input",
          "type": "input",
          "position": {
            "x": 0,
            "y": -40
          }
        },
        {
          "id": "node-3-output",
          "type": "output",
          "position": {
            "x": 0,
            "y": 40
          }
        }
      ]
    }
  ],
  "edges": [
    {
      "id": "edge-1766659580423-7hqs9p8th",
      "sourceNodeId": "node-0",
      "sourcePointId": "node-0-output",
      "targetNodeId": "node-2",
      "targetPointId": "node-2-input"
    },
    {
      "id": "edge-1766659584023-qp0amzyl2",
      "sourceNodeId": "node-1",
      "sourcePointId": "node-1-output",
      "targetNodeId": "node-0",
      "targetPointId": "node-0-input"
    },
    {
      "id": "edge-1766661461681-j6pbzwwav",
      "sourceNodeId": "node-0",
      "sourcePointId": "node-0-output",
      "targetNodeId": "node-3",
      "targetPointId": "node-3-input"
    }
  ],
  "metadata": {},
  "viewState": {
    "x": 84,
    "y": -294.6666259765625,
    "scale": 0.6461745714810593
  }
}