{
  "nodes": [
    {
      "id": "node-1",
      "position": {
        "x": 471.8148148148148,
        "y": 207.69137836974346
      },
      "size": {
        "width": 150,
        "height": 80
      },
      "text": "新节点",
      "backgroundColor": "#e3f2fd",
      "connectionPoints": [
        {
          "id": "node-1-input",
          "type": "input",
          "position": {
            "x": 0,
            "y": -40
          }
        },
        {
          "id": "node-1-output",
          "type": "output",
          "position": {
            "x": 0,
            "y": 40
          }
        }
      ]
    },
    {
      "id": "node-2",
      "position": {
        "x": 262.74074074074076,
        "y": 334.7037240487558
      },
      "size": {
        "width": 150,
        "height": 80
      },
      "text": "2新节点",
      "backgroundColor": "#e3f2fd",
      "connectionPoints": [
        {
          "id": "node-2-input",
          "type": "input",
          "position": {
            "x": 0,
            "y": -40
          }
        },
        {
          "id": "node-2-output",
          "type": "output",
          "position": {
            "x": 0,
            "y": 40
          }
        }
      ]
    },
    {
      "id": "node-3",
      "position": {
        "x": 189.1074100265107,
        "y": 564.111045800282
      },
      "size": {
        "width": 295.205439550204,
        "height": 214.6885976053785
      },
      "text": "12312313123123、12312阿斯顿jays大部分东方科技GDFKJ给付款就HGASDJ工卡觉得骄傲HSGDJK啊时感到恐惧 ASDASDASDASDAS",
      "backgroundColor": "#e3f2fd",
      "connectionPoints": [
        {
          "id": "node-3-input",
          "type": "input",
          "position": {
            "x": 0,
            "y": -107.34429880268925
          }
        },
        {
          "id": "node-3-output",
          "type": "output",
          "position": {
            "x": 0,
            "y": 107.34429880268925
          }
        }
      ]
    },
    {
      "id": "node-4",
      "position": {
        "x": 170.93160687059154,
        "y": 960.5017646559952
      },
      "size": {
        "width": 150,
        "height": 80
      },
      "text": "新节点",
      "backgroundColor": "#e3f2fd",
      "connectionPoints": [
        {
          "id": "node-4-input",
          "type": "input",
          "position": {
            "x": 0,
            "y": -40
          }
        },
        {
          "id": "node-4-output",
          "type": "output",
          "position": {
            "x": 0,
            "y": 40
          }
        }
      ]
    },
    {
      "id": "node-5",
      "position": {
        "x": 294.08443105577214,
        "y": 1127.6535720611996
      },
      "size": {
        "width": 150,
        "height": 80
      },
      "text": "新节点",
      "backgroundColor": "#e3f2fd",
      "connectionPoints": [
        {
          "id": "node-5-input",
          "type": "input",
          "position": {
            "x": 0,
            "y": -40
          }
        },
        {
          "id": "node-5-output",
          "type": "output",
          "position": {
            "x": 0,
            "y": 40
          }
        }
      ]
    },
    {
      "id": "node-6",
      "position": {
        "x": 31.78872681386258,
        "y": 1123.4604536120617
      },
      "size": {
        "width": 150,
        "height": 80
      },
      "text": "新节点",
      "backgroundColor": "#e3f2fd",
      "connectionPoints": [
        {
          "id": "node-6-input",
          "type": "input",
          "position": {
            "x": 0,
            "y": -40
          }
        },
        {
          "id": "node-6-output",
          "type": "output",
          "position": {
            "x": 0,
            "y": 40
          }
        }
      ]
    },
    {
      "id": "node-8",
      "position": {
        "x": 677.1489824507736,
        "y": 396.5939616472458
      },
      "size": {
        "width": 150,
        "height": 80
      },
      "text": "新节点",
      "backgroundColor": "#e3f2fd",
      "connectionPoints": [
        {
          "id": "node-8-input",
          "type": "input",
          "position": {
            "x": 0,
            "y": -40
          }
        },
        {
          "id": "node-8-output",
          "type": "output",
          "position": {
            "x": 0,
            "y": 40
          }
        }
      ]
    },
    {
      "id": "node-9",
      "position": {
        "x": 663.4075137557288,
        "y": 529.4281590326794
      },
      "size": {
        "width": 150,
        "height": 80
      },
      "text": "新节点",
      "backgroundColor": "#e3f2fd",
      "connectionPoints": [
        {
          "id": "node-9-input",
          "type": "input",
          "position": {
            "x": 0,
            "y": -40
          }
        },
        {
          "id": "node-9-output",
          "type": "output",
          "position": {
            "x": 0,
            "y": 40
          }
        }
      ]
    },
    {
      "id": "node-10",
      "position": {
        "x": 850.062463530088,
        "y": 524.8476694676646
      },
      "size": {
        "width": 150,
        "height": 80
      },
      "text": "新节点",
      "backgroundColor": "#e3f2fd",
      "connectionPoints": [
        {
          "id": "node-10-input",
          "type": "input",
          "position": {
            "x": 0,
            "y": -40
          }
        },
        {
          "id": "node-10-output",
          "type": "output",
          "position": {
            "x": 0,
            "y": 40
          }
        }
      ]
    },
    {
      "id": "node-12",
      "position": {
        "x": 659.9721465819675,
        "y": 670.2782131568893
      },
      "size": {
        "width": 150,
        "height": 80
      },
      "text": "新节点",
      "backgroundColor": "#e3f2fd",
      "connectionPoints": [
        {
          "id": "node-12-input",
          "type": "input",
          "position": {
            "x": 0,
            "y": -40
          }
        },
        {
          "id": "node-12-output",
          "type": "output",
          "position": {
            "x": 0,
            "y": 40
          }
        }
      ]
    },
    {
      "id": "node-13",
      "position": {
        "x": 854.642953095103,
        "y": 671.423335548143
      },
      "size": {
        "width": 150,
        "height": 80
      },
      "text": "新节点",
      "backgroundColor": "#e3f2fd",
      "connectionPoints": [
        {
          "id": "node-13-input",
          "type": "input",
          "position": {
            "x": 0,
            "y": -40
          }
        },
        {
          "id": "node-13-output",
          "type": "output",
          "position": {
            "x": 0,
            "y": 40
          }
        }
      ]
    }
  ],
  "edges": [
    {
      "id": "edge-1766661699948-0rdlwqvc0",
      "sourceNodeId": "node-1",
      "sourcePointId": "node-1-output",
      "targetNodeId": "node-2",
      "targetPointId": "node-2-input"
    },
    {
      "id": "edge-1766661706532-gwes832nr",
      "sourceNodeId": "node-2",
      "sourcePointId": "node-2-output",
      "targetNodeId": "node-3",
      "targetPointId": "node-3-input"
    },
    {
      "id": "edge-1766661718644-e2aywe0pe",
      "sourceNodeId": "node-3",
      "sourcePointId": "node-3-output",
      "targetNodeId": "node-4",
      "targetPointId": "node-4-input"
    },
    {
      "id": "edge-1766661724276-a7sdo7t0j",
      "sourceNodeId": "node-4",
      "sourcePointId": "node-4-output",
      "targetNodeId": "node-5",
      "targetPointId": "node-5-input"
    },
    {
      "id": "edge-1766661729898-siqj6v4nm",
      "sourceNodeId": "node-4",
      "sourcePointId": "node-4-output",
      "targetNodeId": "node-6",
      "targetPointId": "node-6-input"
    },
    {
      "id": "edge-1766666945951-ecjs3tio9",
      "sourceNodeId": "node-1",
      "sourcePointId": "node-1-output",
      "targetNodeId": "node-8",
      "targetPointId": "node-8-input"
    },
    {
      "id": "edge-1766666951108-9gzsps0gw",
      "sourceNodeId": "node-8",
      "sourcePointId": "node-8-output",
      "targetNodeId": "node-9",
      "targetPointId": "node-9-input"
    },
    {
      "id": "edge-1766666955524-tha2ozrio",
      "sourceNodeId": "node-8",
      "sourcePointId": "node-8-output",
      "targetNodeId": "node-10",
      "targetPointId": "node-10-input"
    },
    {
      "id": "edge-1766666989053-rxobr4l4j",
      "sourceNodeId": "node-9",
      "sourcePointId": "node-9-output",
      "targetNodeId": "node-12",
      "targetPointId": "node-12-input"
    },
    {
      "id": "edge-1766666997284-kv6ut8nfo",
      "sourceNodeId": "node-10",
      "sourcePointId": "node-10-output",
      "targetNodeId": "node-13",
      "targetPointId": "node-13-input"
    }
  ],
  "metadata": {},
  "viewState": {
    "x": 99.3333740234375,
    "y": -33.999969482421875,
    "scale": 0.6561000000000001
  }
}