{
  "nodes": [
    {
      "id": "node-1",
      "position": {
        "x": 363,
        "y": 301.66668701171875
      },
      "size": {
        "width": 223,
        "height": 148
      },
      "text": "新节点",
      "backgroundColor": "#e3f2fd",
      "connectionPoints": [
        {
          "id": "node-1-input",
          "type": "input",
          "position": {
            "x": 0,
            "y": -74
          }
        },
        {
          "id": "node-1-output",
          "type": "output",
          "position": {
            "x": 0,
            "y": 74
          }
        }
      ]
    }
  ],
  "edges": [],
  "metadata": {},
  "viewState": {
    "x": 84,
    "y": -294.6666259765625,
    "scale": 0.6461745714810593
  }
}